DoD,Est_dur,Locatiom,Act_dur
2002,1.9,1,1.4
1997,7.5,2,6.3
1997,7.5,3,6.3
1997,11,3,9.4
1996,7.5,4,6.5
2000,6.5,5,5.67
1998,8.3,6,7.4
1998,8.3,6,7.4
1998,8.3,6,7.4
2000,4.8,1,4.3
1998,6.3,7,5.9
1997,5.4,1,5.3
1996,8.5,8,8.5
1997,6.8,9,6.8
1999,6,10,6
1999,5,10,5
2000,4.6,6,4.6
1996,7.3,10,7.5
2004,2.6,1,2.8
1996,10.5,11,11.4
1997,8,8,9.1
2001,5.3,1,6.3
1998,4.8,1,6.3
1998,6.8,12,9
1996,4.4,1,6.5